NOMBRE;GRATUITO;FECHA;FECHA-FIN;HORA;NOMBRE-INSTALACION;latitude;longitude;DISTRITO
Audiovisual. Otros Horizontes;1;2015-01-01;2015-12-31;00:00;Planetario de Madrid;40.39227092120195;-3.684968648157021;ARGANZUELA
Audiovisuales. Series;1;2015-07-22;2015-07-22;23:00;Matadero Madrid;40.39241367848808;-3.697259467865366;ARGANZUELA
Audiovisuales. Videoplaylist;1;2015-07-21;2015-07-21;23:00;Matadero Madrid;40.39241367848808;-3.697259467865366;ARGANZUELA
Bici - picnic;0;2014-07-01;2015-12-31;00:00;Matadero Madrid;40.39241367848808;-3.697259467865366;ARGANZUELA
Bici Escuela;0;2014-01-18;2016-04-13;00:00;Matadero Madrid;40.39241367848808;-3.697259467865366;ARGANZUELA
Campamento Urbano;1;2015-07-16;2015-07-31;08:30;Centro Cultural Alfredo Kraus (Fuencarral - El Pardo);40.49082275610172;-3.7216054330053647;FUENCARRAL-EL PARDO
Campamento Urbano;1;2015-07-16;2015-07-31;08:30;Centro Cultural La Vaguada (Fuencarral - El Pardo);40.47900813206291;-3.709138377702435;FUENCARRAL-EL PARDO
Cine de verano al aire libre. Fescinal La Bombilla. Domingo 26 de julio;0;2015-07-26;2015-07-26;00:00;Parque de la Bombilla;40.42834456035844;-3.728941931668392;MONCLOA-ARAVACA
Cine de verano al aire libre. Fescinal La Bombilla. Jueves 23 de julio;0;2015-07-23;2015-07-23;00:00;Parque de la Bombilla;40.42834456035844;-3.728941931668392;MONCLOA-ARAVACA
Cine de verano al aire libre. Fescinal La Bombilla. Jueves 30 de julio;0;2015-07-30;2015-07-30;00:00;Parque de la Bombilla;40.42834456035844;-3.728941931668392;MONCLOA-ARAVACA
Cine de verano al aire libre. Fescinal La Bombilla. Lunes 27 de julio;0;2015-07-27;2015-07-27;00:00;Parque de la Bombilla;40.42834456035844;-3.728941931668392;MONCLOA-ARAVACA
Cine de verano al aire libre. Fescinal La Bombilla. Martes 21 de julio;0;2015-07-21;2015-07-21;00:00;Parque de la Bombilla;40.42834456035844;-3.728941931668392;MONCLOA-ARAVACA
Cine de verano al aire libre. Fescinal La Bombilla. Martes 28 de julio;0;2015-07-28;2015-07-28;00:00;Parque de la Bombilla;40.42834456035844;-3.728941931668392;MONCLOA-ARAVACA
Cine de verano al aire libre. Fescinal La Bombilla. Mircoles 22 de julio;0;2015-07-22;2015-07-22;00:00;Parque de la Bombilla;40.42834456035844;-3.728941931668392;MONCLOA-ARAVACA
Cine de verano al aire libre. Fescinal La Bombilla. Sbado 25 de julio;0;2015-07-25;2015-07-25;00:00;Parque de la Bombilla;40.42834456035844;-3.728941931668392;MONCLOA-ARAVACA
Cine de verano al aire libre. Fescinal La Bombilla. Viernes 24 de julio;0;2015-07-24;2015-07-24;00:00;Parque de la Bombilla;40.42834456035844;-3.728941931668392;MONCLOA-ARAVACA
Cine de verano al aire libre. Fescinal La Bombilla. Viernes 31 de julio;0;2015-07-31;2015-07-31;00:00;Parque de la Bombilla;40.42834456035844;-3.728941931668392;MONCLOA-ARAVACA
Cine de verano en el Parque Lineal del Manzanares (Usera);1;2015-07-03;2015-07-25;00:00;Auditorio al aire libre. Parque Lineal Manzanares;40.378911603335446;-3.6908295351851654;USERA
Cine de Verano en Villaverde. Amazing Spider-Man 2;1;2015-08-22;2015-08-22;22:30;Instalacin Deportiva Municipal Bsica Colonia Euskalduna;40.35456935043359;-3.699754645665144;VILLAVERDE
Cine de Verano en Villaverde. Aviones: Equipo de rescate.;1;2015-08-01;2015-08-01;22:30;Centro Cultural Los Rosales (Villaverde);40.35074797433515;-3.6773064421969233;VILLAVERDE
Cine de Verano en Villaverde. Bajo la misma estrella.;1;2015-07-23;2015-07-23;21:30;Auditorio Municipal el Espinillo;40.36180966975026;-3.6927748531714824;VILLAVERDE
Cine de Verano en Villaverde. Guardianes de la Galaxia.;1;2015-08-08;2015-08-08;22:30;Parque de la Amistad;40.348326631620154;-3.6921658727994773;VILLAVERDE
Cine de Verano en Villaverde. Malfica.;1;2015-07-30;2015-07-30;22:30;Parque Huerta del Obispo (Villaverde);40.346980092315505;-3.712145719392749;VILLAVERDE
Cine de Verano en Villaverde. Ocho apellidos vascos.;1;2015-08-29;2015-08-29;22:30;Auditorio Municipal el Espinillo;40.36180966975026;-3.6927748531714824;VILLAVERDE
Cine de verano. A cambio de nada;0;2015-08-03;2015-08-03;00:00;Auditorio al aire libre. Parque del Calero;40.43629048801827;-3.6504213176387332;CIUDAD LINEAL
Cine de verano. A cambio de nada;0;2015-07-29;2015-07-29;00:00;Auditorio al aire libre. Parque del Calero;40.43629048801827;-3.6504213176387332;CIUDAD LINEAL
Cine de verano. Big Hero 6;0;2015-08-22;2015-08-22;00:00;Auditorio al aire libre. Parque del Calero;40.43629048801827;-3.6504213176387332;CIUDAD LINEAL
Cine de verano. Campanilla y la leyenda de la bestia;0;2015-09-12;2015-09-12;00:00;Auditorio al aire libre. Parque del Calero;40.43629048801827;-3.6504213176387332;CIUDAD LINEAL
Cine de verano. Cenicienta;0;2015-08-29;2015-08-29;00:00;Auditorio al aire libre. Parque del Calero;40.43629048801827;-3.6504213176387332;CIUDAD LINEAL
Cine de verano. Cincuenta sombras de Grey;0;2015-08-02;2015-08-02;00:00;Auditorio al aire libre. Parque del Calero;40.43629048801827;-3.6504213176387332;CIUDAD LINEAL
Cine de verano. Cincuenta sombras de Grey;0;2015-07-27;2015-07-27;00:00;Auditorio al aire libre. Parque del Calero;40.43629048801827;-3.6504213176387332;CIUDAD LINEAL
Cine de verano. Corazones de acero;0;2015-08-23;2015-08-23;00:00;Auditorio al aire libre. Parque del Calero;40.43629048801827;-3.6504213176387332;CIUDAD LINEAL
Cine de verano. Corazones de acero;0;2015-08-25;2015-08-25;00:00;Auditorio al aire libre. Parque del Calero;40.43629048801827;-3.6504213176387332;CIUDAD LINEAL
Cine de verano. Del revs (inside out);0;2015-09-05;2015-09-05;00:00;Auditorio al aire libre. Parque del Calero;40.43629048801827;-3.6504213176387332;CIUDAD LINEAL
Cine de verano. Dios mo, pero qu te hemos hecho?;0;2015-09-06;2015-09-06;00:00;Auditorio al aire libre. Parque del Calero;40.43629048801827;-3.6504213176387332;CIUDAD LINEAL
Cine de verano. Dios mo, pero qu te hemos hecho?;0;2015-09-08;2015-09-08;00:00;Auditorio al aire libre. Parque del Calero;40.43629048801827;-3.6504213176387332;CIUDAD LINEAL
Cine de verano. El ao ms violento;0;2015-09-10;2015-09-10;00:00;Auditorio al aire libre. Parque del Calero;40.43629048801827;-3.6504213176387332;CIUDAD LINEAL
Cine de verano. El francotirador;0;2015-07-21;2015-07-21;00:00;Auditorio al aire libre. Parque del Calero;40.43629048801827;-3.6504213176387332;CIUDAD LINEAL
Cine de verano. El maestro del agua;0;2015-08-07;2015-08-07;00:00;Auditorio al aire libre. Parque del Calero;40.43629048801827;-3.6504213176387332;CIUDAD LINEAL
Cine de verano. El nio;0;2015-08-12;2015-08-12;00:00;Auditorio al aire libre. Parque del Calero;40.43629048801827;-3.6504213176387332;CIUDAD LINEAL
Cine de verano. El nio 44;0;2015-09-11;2015-09-11;00:00;Auditorio al aire libre. Parque del Calero;40.43629048801827;-3.6504213176387332;CIUDAD LINEAL
Cine de verano. El viaje ms largo;0;2015-08-05;2015-08-05;00:00;Auditorio al aire libre. Parque del Calero;40.43629048801827;-3.6504213176387332;CIUDAD LINEAL
Cine de verano. Fuerza mayor;0;2015-08-11;2015-08-11;00:00;Auditorio al aire libre. Parque del Calero;40.43629048801827;-3.6504213176387332;CIUDAD LINEAL
Cine de verano. Fuerza mayor;0;2015-08-09;2015-08-09;00:00;Auditorio al aire libre. Parque del Calero;40.43629048801827;-3.6504213176387332;CIUDAD LINEAL
Cine de verano. Hablar;0;2015-07-22;2015-07-22;00:00;Auditorio al aire libre. Parque del Calero;40.43629048801827;-3.6504213176387332;CIUDAD LINEAL
Cine de verano. Home: hogar, dulce hogar;0;2015-08-15;2015-08-15;00:00;Auditorio al aire libre. Parque del Calero;40.43629048801827;-3.6504213176387332;CIUDAD LINEAL
Cine de verano. Ida;0;2015-08-19;2015-08-19;00:00;Auditorio al aire libre. Parque del Calero;40.43629048801827;-3.6504213176387332;CIUDAD LINEAL
Cine de verano. Jurassic World;0;2015-09-09;2015-09-09;00:00;Auditorio al aire libre. Parque del Calero;40.43629048801827;-3.6504213176387332;CIUDAD LINEAL
Cine de verano. Jurassic World;0;2015-08-01;2015-08-01;00:00;Auditorio al aire libre. Parque del Calero;40.43629048801827;-3.6504213176387332;CIUDAD LINEAL
Cine de verano. Jurassic World;0;2015-07-30;2015-07-30;00:00;Auditorio al aire libre. Parque del Calero;40.43629048801827;-3.6504213176387332;CIUDAD LINEAL
Cine de verano. Kingsman: servicio secreto;0;2015-09-02;2015-09-02;00:00;Auditorio al aire libre. Parque del Calero;40.43629048801827;-3.6504213176387332;CIUDAD LINEAL
Cine de verano. Kingsman: servicio secreto;0;2015-08-28;2015-08-28;00:00;Auditorio al aire libre. Parque del Calero;40.43629048801827;-3.6504213176387332;CIUDAD LINEAL
Cine de verano. La dama de oro;0;2015-08-16;2015-08-16;00:00;Auditorio al aire libre. Parque del Calero;40.43629048801827;-3.6504213176387332;CIUDAD LINEAL
Cine de verano. La dama de oro;0;2015-08-20;2015-08-20;00:00;Auditorio al aire libre. Parque del Calero;40.43629048801827;-3.6504213176387332;CIUDAD LINEAL
Cine de verano. La familia Blier;0;2015-09-01;2015-09-01;00:00;Auditorio al aire libre. Parque del Calero;40.43629048801827;-3.6504213176387332;CIUDAD LINEAL
Cine de verano. La familia Blier;0;2015-08-27;2015-08-27;00:00;Auditorio al aire libre. Parque del Calero;40.43629048801827;-3.6504213176387332;CIUDAD LINEAL
Cine de verano. Leviatn;0;2015-08-31;2015-08-31;00:00;Auditorio al aire libre. Parque del Calero;40.43629048801827;-3.6504213176387332;CIUDAD LINEAL
Cine de verano. Leviatn;0;2015-08-26;2015-08-26;00:00;Auditorio al aire libre. Parque del Calero;40.43629048801827;-3.6504213176387332;CIUDAD LINEAL
Cine de verano. Mad Max: furia en la carretera;0;2015-07-28;2015-07-28;00:00;Auditorio al aire libre. Parque del Calero;40.43629048801827;-3.6504213176387332;CIUDAD LINEAL
Cine de verano. Mad Max: furia en la carretera;0;2015-07-24;2015-07-24;00:00;Auditorio al aire libre. Parque del Calero;40.43629048801827;-3.6504213176387332;CIUDAD LINEAL
Cine de verano. Magia a la luz de la luna;0;2015-08-21;2015-08-21;00:00;Auditorio al aire libre. Parque del Calero;40.43629048801827;-3.6504213176387332;CIUDAD LINEAL
Cine de verano. Magia a la luz de la luna;0;2015-08-24;2015-08-24;00:00;Auditorio al aire libre. Parque del Calero;40.43629048801827;-3.6504213176387332;CIUDAD LINEAL
Cine de verano. Maps to the stars;0;2015-09-04;2015-09-04;00:00;Auditorio al aire libre. Parque del Calero;40.43629048801827;-3.6504213176387332;CIUDAD LINEAL
Cine de verano. Maps to the stars;0;2015-09-07;2015-09-07;00:00;Auditorio al aire libre. Parque del Calero;40.43629048801827;-3.6504213176387332;CIUDAD LINEAL
Cine de verano. Mortadelo y Filemn contra Jimmy el Cachondo;0;2015-08-08;2015-08-08;00:00;Auditorio al aire libre. Parque del Calero;40.43629048801827;-3.6504213176387332;CIUDAD LINEAL
Cine de verano. No molestar;0;2015-08-04;2015-08-04;00:00;Auditorio al aire libre. Parque del Calero;40.43629048801827;-3.6504213176387332;CIUDAD LINEAL
Cine de verano. No molestar;0;2015-07-31;2015-07-31;00:00;Auditorio al aire libre. Parque del Calero;40.43629048801827;-3.6504213176387332;CIUDAD LINEAL
Cine de verano. Nuestro ltimo verano en Escocia;0;2015-08-10;2015-08-10;00:00;Auditorio al aire libre. Parque del Calero;40.43629048801827;-3.6504213176387332;CIUDAD LINEAL
Cine de verano. Nuestro ltimo verano en Escocia;0;2015-08-06;2015-08-06;00:00;Auditorio al aire libre. Parque del Calero;40.43629048801827;-3.6504213176387332;CIUDAD LINEAL
Cine de verano. Perdida;0;2015-09-03;2015-09-03;00:00;Auditorio al aire libre. Parque del Calero;40.43629048801827;-3.6504213176387332;CIUDAD LINEAL
Cine de verano. Perdida;0;2015-08-30;2015-08-30;00:00;Auditorio al aire libre. Parque del Calero;40.43629048801827;-3.6504213176387332;CIUDAD LINEAL
Cine de verano. Perdiendo el norte;0;2015-07-23;2015-07-23;00:00;Auditorio al aire libre. Parque del Calero;40.43629048801827;-3.6504213176387332;CIUDAD LINEAL
Cine de verano. Phoenix;0;2015-08-18;2015-08-18;00:00;Auditorio al aire libre. Parque del Calero;40.43629048801827;-3.6504213176387332;CIUDAD LINEAL
Cine de verano. Phoenix;0;2015-08-13;2015-08-13;00:00;Auditorio al aire libre. Parque del Calero;40.43629048801827;-3.6504213176387332;CIUDAD LINEAL
Cine de verano. Pride;0;2015-08-14;2015-08-14;00:00;Auditorio al aire libre. Parque del Calero;40.43629048801827;-3.6504213176387332;CIUDAD LINEAL
Cine de verano. Pride;0;2015-08-17;2015-08-17;00:00;Auditorio al aire libre. Parque del Calero;40.43629048801827;-3.6504213176387332;CIUDAD LINEAL
Cine de verano. Suite francesa;0;2015-07-26;2015-07-26;00:00;Auditorio al aire libre. Parque del Calero;40.43629048801827;-3.6504213176387332;CIUDAD LINEAL
Cine de verano. Tomorrowland. El mundo del maana;0;2015-07-25;2015-07-25;00:00;Auditorio al aire libre. Parque del Calero;40.43629048801827;-3.6504213176387332;CIUDAD LINEAL
Cine de verano. Viaje a Sils Maria;0;2015-09-13;2015-09-13;00:00;Auditorio al aire libre. Parque del Calero;40.43629048801827;-3.6504213176387332;CIUDAD LINEAL
Cine: '8 Apellidos vascos';1;2015-09-05;2015-09-05;22:00;Parque Begoa;40.48390626699566;-3.687220746230517;FUENCARRAL-EL PARDO
Cine: 'Spiderman El Poder de Electra';1;2015-09-12;2015-09-12;22:00;Parque Begoa;40.48390626699566;-3.687220746230517;FUENCARRAL-EL PARDO
Concierto. Al.h;0;2015-09-26;2015-09-26;19:00;Centro Cultural Antonio Machado (San Blas - Canillejas);40.42027705095574;-3.621741078700336;SAN BLAS-CANILLEJAS
Concierto. Buenavista Social Club;0;2015-07-21;2015-07-21;21:30;Teatro Circo Price;40.40596423138839;-3.698601359753866;ARGANZUELA
Concierto. Ciclo de Otoo. Banda Sinfnica Municipal. 14 de octubre;1;2015-10-14;2015-10-14;19:30;Teatro Monumental;40.41248331678507;-3.6991755805601443;CENTRO
Concierto. Ciclo de Otoo. Banda Sinfnica Municipal. 30 de septiembre;1;2015-09-30;2015-09-30;19:30;Auditorio Nacional de Msica;40.44615938706209;-3.6779448874160314;CHAMARTIN
Concierto. Fekat Circus y Slum Drummers;0;2015-07-30;2015-07-30;21:30;Teatro Circo Price;40.40596423138839;-3.698601359753866;ARGANZUELA
Concierto. Franco Battiato;0;2015-09-06;2015-09-06;21:00;Teatro Circo Price;40.40596423138839;-3.698601359753866;ARGANZUELA
Concierto. La Unin;0;2015-07-28;2015-07-28;21:00;Teatro Circo Price;40.40596423138839;-3.698601359753866;ARGANZUELA
Concierto. Najwajean;0;2015-07-29;2015-07-29;21:00;Teatro Circo Price;40.40596423138839;-3.698601359753866;ARGANZUELA
Concierto. Pablo Milans;0;2015-07-23;2015-07-23;21:30;Teatro Circo Price;40.40596423138839;-3.698601359753866;ARGANZUELA
Concierto. Programa Bandas al Fresco. Banda Sinfnica Municipal. 13 de septiembre;1;2015-09-13;2015-09-13;12:00;Jardines de El Buen Retiro;40.41964087412762;-3.68793370943788;RETIRO
Concierto. Programa Bandas al Fresco. Banda Sinfnica Municipal. 26 de julio;1;2015-07-26;2015-07-26;00:00;Jardines de El Buen Retiro;40.41964087412762;-3.68793370943788;RETIRO
Concierto. Programa Veranos de la Villa. Banda Sinfnica Municipal. 23 de julio;0;2015-07-23;2015-07-23;21:30;Centro Conde Duque;40.427938443518215;-3.710240346719518;CENTRO
Concierto. Programa Veranos de la Villa. Banda Sinfnica Municipal. 26 de julio;0;2015-07-26;2015-07-26;21:30;Centro Conde Duque;40.427938443518215;-3.710240346719518;CENTRO
Concierto. Raimundo Amador;0;2015-07-31;2015-07-31;21:00;Teatro Circo Price;40.40596423138839;-3.698601359753866;ARGANZUELA
Concierto. Rosario;0;2015-07-22;2015-07-22;21:30;Teatro Circo Price;40.40596423138839;-3.698601359753866;ARGANZUELA
Concierto. Royal Southern Brotherhood y Aurora and the Betrayers;0;2015-07-24;2015-07-24;20:30;Teatro Circo Price;40.40596423138839;-3.698601359753866;ARGANZUELA
Concierto. Sly And Robbie Meet Peter Niels Molvaer;0;2015-07-26;2015-07-26;20:00;Teatro Circo Price;40.40596423138839;-3.698601359753866;ARGANZUELA
Concierto. Sufjan Stevens;0;2015-09-30;2015-09-30;19:00;Teatro Circo Price;40.40596423138839;-3.698601359753866;ARGANZUELA
Concierto. Wim Mertens;0;2015-07-25;2015-07-25;21:30;Teatro Circo Price;40.40596423138839;-3.698601359753866;ARGANZUELA
Conferencia. Embajadores y Lavapis en el siglo XVIII;0;2015-09-23;2015-09-23;11:00;Centro Sociocultural Lavapis (Centro);40.40966697102759;-3.701574291636879;CENTRO
Conferencia. Lavapis y Embajadores a comienzos del siglo XIX;0;2015-10-07;2015-10-07;11:00;Centro Sociocultural Lavapis (Centro);40.40966697102759;-3.701574291636879;CENTRO
Conferencia. Reformas internas y ensanche de Madrid liberal;0;2015-10-21;2015-10-21;11:00;Centro Sociocultural Lavapis (Centro);40.40966697102759;-3.701574291636879;CENTRO
Cuentos infantiles;1;2015-10-22;2015-10-22;18:00;Biblioteca Pblica Municipal Pablo Neruda (Ciudad Lineal);40.42941133441142;-3.6416899839787695;CIUDAD LINEAL
Cuentos infantiles;1;2015-10-16;2015-10-16;18:00;Biblioteca Pblica Municipal Jos Hierro (San Blas-Canillejas);40.433291625973624;-3.6105662311927453;SAN BLAS-CANILLEJAS
Cuentos infantiles;1;2015-10-01;2015-10-01;18:00;Biblioteca Pblica Municipal Ana Mara Matute (Carabanchel);40.3975850662447;-3.7207386328562357;CARABANCHEL
Cuentos infantiles;1;2015-10-07;2015-10-07;18:00;Biblioteca Pblica Municipal Ivn de Vargas (Centro);40.41410290844665;-3.7098591212735883;CENTRO
Cuentos infantiles;1;2015-10-06;2015-10-06;18:00;Biblioteca Pblica Municipal Angel Gonzlez (Latina);40.397074625115906;-3.7664885474841556;LATINA
Curso de mecnica bsica para bicicletas;0;2013-12-04;2016-04-13;00:00;Matadero Madrid;40.39241367848808;-3.697259467865366;ARGANZUELA
Danza. Gran Gala Tchaikovsky. Fernn Gmez;0;2015-10-28;2015-11-01;00:00;Fernn Gmez. Centro Cultural de la Villa;40.424926347610764;-3.6899208519663427;SALAMANCA
Exposicin audiovisual. Feminis-Arte III, videoarte de mujeres artistas desde perspectiva de gnero;0;2015-02-20;2015-08-16;00:00;CentroCentro Cibeles de Cultura y Ciudadana. 5Cs;40.419011767401095;-3.692206111679657;RETIRO
Exposicin Cervantes a la luz: imgenes del hallazgo.;1;2015-04-22;2015-09-27;09:30;Museo de Historia de Madrid;40.42577054821346;-3.700845660719608;CENTRO
Exposicin de maletas ilustradas FLIC.;1;2015-10-05;2015-10-26;08:30;Biblioteca Pblica Municipal Miguel Delibes (Moratalaz);40.40971737692924;-3.6529822109115133;MORATALAZ
Exposicin de maletas ilustradas FLIC.;1;2015-10-26;2015-11-16;08:30;Biblioteca Pblica Municipal Aluche (Latina);40.39597072367931;-3.7562716852987847;LATINA
Exposicin de maletas ilustradas FLIC.;1;2015-07-20;2015-09-14;08:30;Biblioteca Pblica Municipal Portazgo (Puente de Vallecas);40.39330714657693;-3.6554041181586046;PUENTE DE VALLECAS
Exposicin de maletas ilustradas FLIC.;1;2015-09-14;2015-10-05;08:30;Biblioteca Pblica Municipal Ana Mara Matute (Carabanchel);40.3975850662447;-3.7207386328562357;CARABANCHEL
Exposicin de pintura. Tarde de primavera, de Antonia Menndez Maestre (Tetun);1;2015-06-09;2015-07-24;00:00;Junta Municipal del Distrito de Tetun;40.465092507464036;-3.693764134631911;TETUAN
Exposicin. 3-EN-UNO. Diseadores, productores, emprendedores;1;2015-06-10;2015-09-20;00:00;CentroCentro Cibeles de Cultura y Ciudadana. 5Cs;40.419011767401095;-3.692206111679657;RETIRO
Exposicin. 60 momentos pop del siglo XX;0;2015-01-29;2015-10-04;00:00;Matadero Madrid;40.39241367848808;-3.697259467865366;ARGANZUELA
Exposicin. Arquitecturas y espacios en la coleccin RAC;1;2015-07-01;2015-11-08;00:00;CentroCentro Cibeles de Cultura y Ciudadana. 5Cs;40.419011767401095;-3.692206111679657;RETIRO
Exposicin. Arte en el Universo;1;2015-01-01;2015-12-31;00:00;Planetario de Madrid;40.39227092120195;-3.684968648157021;ARGANZUELA
Exposicin. Auroras Polares;1;2015-01-01;2015-12-31;00:00;Planetario de Madrid;40.39227092120195;-3.684968648157021;ARGANZUELA
Exposicin. De la manzana a los agujeros negros;1;2015-01-01;2015-12-31;00:00;Planetario de Madrid;40.39227092120195;-3.684968648157021;ARGANZUELA
Exposicin. Diseando 007. Talleres y visitas guiadas;0;2015-06-15;2015-08-30;00:00;Fernn Gmez. Centro Cultural de la Villa;40.424926347610764;-3.6899208519663427;SALAMANCA
Exposicin. Diseando 007: Cincuenta Aos de Estilo Bond;0;2015-05-08;2015-08-30;00:00;Fernn Gmez. Centro Cultural de la Villa;40.424926347610764;-3.6899208519663427;SALAMANCA
Exposicin. El Anillo. Jos Mara Snchez Garca Arquitectos;1;2015-06-10;2015-09-13;00:00;CentroCentro Cibeles de Cultura y Ciudadana. 5Cs;40.419011767401095;-3.692206111679657;RETIRO
Exposicin. Fin;0;2015-05-28;2015-08-30;00:00;CentroCentro Cibeles de Cultura y Ciudadana. 5Cs;40.419011767401095;-3.692206111679657;RETIRO
Exposicin. Godlewska pintura y escultura. Retrospectiva;1;2015-07-08;2015-07-30;00:00;Centro Cultural Casa de Vacas (Retiro);40.41906024374356;-3.6840615387926956;RETIRO
Exposicin. La Agencia Espacial Europea en el Planetario de Madrid;1;2015-01-01;2015-12-31;00:00;Planetario de Madrid;40.39227092120195;-3.684968648157021;ARGANZUELA
Exposicin. La ciudad en vietas. CentroCentro;0;2015-05-28;2015-09-13;00:00;CentroCentro Cibeles de Cultura y Ciudadana. 5Cs;40.419011767401095;-3.692206111679657;RETIRO
Exposicin. Las murallas de Madrid;0;2014-12-23;2015-10-31;00:00;Museo de San Isidro. Los orgenes de Madrid;40.412069631779325;-3.710874934826838;CENTRO
Exposicin. Los ngeles de Juani, de Juana Martn Ramrez. Centro Cultural Buenavista (Salamanca);0;2015-07-01;2015-07-31;00:00;Centro Cultural Buenavista (Salamanca);40.43200210571468;-3.6709293330780204;SALAMANCA
Exposicin. Madrid 24 h. Un da en la vida de Madrid;1;2015-06-23;2015-08-30;00:00;CentroCentro Cibeles de Cultura y Ciudadana. 5Cs;40.419011767401095;-3.692206111679657;RETIRO
Exposicin. Paisajes de Marte;1;2015-01-01;2015-12-31;00:00;Planetario de Madrid;40.39227092120195;-3.684968648157021;ARGANZUELA
Exposicin. Paradojas;1;2015-06-10;2015-07-24;00:00;Centro Cultural Galileo (Chamber);40.43371190964793;-3.7104543597957758;CHAMBERI
Exposicin. Yuri Gagarin. El primer hombre en el espacio;1;2015-01-01;2015-12-31;00:00;Planetario de Madrid;40.39227092120195;-3.684968648157021;ARGANZUELA
Lecturas dramatizadas. Shejit;0;2015-07-21;2015-07-21;20:00;Matadero Madrid;40.39241367848808;-3.697259467865366;ARGANZUELA
Msica. La plaza en verano;1;2015-08-01;2015-08-31;20:00;Matadero Madrid;40.39241367848808;-3.697259467865366;ARGANZUELA
Msica. Mostaza Glvez;1;2015-07-25;2015-07-25;23:00;Matadero Madrid;40.39241367848808;-3.697259467865366;ARGANZUELA
Msica. October People;1;2015-07-24;2015-07-24;23:00;Matadero Madrid;40.39241367848808;-3.697259467865366;ARGANZUELA
Msica. Red Beard;0;2015-07-23;2015-07-23;23:00;Matadero Madrid;40.39241367848808;-3.697259467865366;ARGANZUELA
Obra de teatro. (aPnea);0;2015-07-30;2015-07-30;20:00;CentroCentro Cibeles de Cultura y Ciudadana. 5Cs;40.419011767401095;-3.692206111679657;RETIRO
Obra de teatro. (aPnea);0;2015-07-31;2015-07-31;20:00;CentroCentro Cibeles de Cultura y Ciudadana. 5Cs;40.419011767401095;-3.692206111679657;RETIRO
Obra de teatro. a taca;0;2015-10-03;2015-10-03;19:00;Centro Cultural Antonio Machado (San Blas - Canillejas);40.42027705095574;-3.621741078700336;SAN BLAS-CANILLEJAS
Obra de teatro. El viajero perdido;0;2015-08-07;2015-08-07;20:00;CentroCentro Cibeles de Cultura y Ciudadana. 5Cs;40.419011767401095;-3.692206111679657;RETIRO
Obra de teatro. El viajero perdido;0;2015-08-08;2015-08-08;20:00;CentroCentro Cibeles de Cultura y Ciudadana. 5Cs;40.419011767401095;-3.692206111679657;RETIRO
Obra de teatro. Guernica 1913;0;2015-09-26;2015-09-26;19:00;Centro Cultural Antonio Machado (San Blas - Canillejas);40.42027705095574;-3.621741078700336;SAN BLAS-CANILLEJAS
Obra de teatro. Juegos prohibidos;0;2015-09-27;2015-09-27;19:00;Centro Cultural Antonio Machado (San Blas - Canillejas);40.42027705095574;-3.621741078700336;SAN BLAS-CANILLEJAS
Obra de teatro. Travesas;0;2015-10-04;2015-10-04;19:00;Centro Cultural Antonio Machado (San Blas - Canillejas);40.42027705095574;-3.621741078700336;SAN BLAS-CANILLEJAS
Obra de teatro. Una mujer en la ventana;0;2015-08-22;2015-08-22;20:00;CentroCentro Cibeles de Cultura y Ciudadana. 5Cs;40.419011767401095;-3.692206111679657;RETIRO
Obra de teatro. Una mujer en la ventana;0;2015-08-21;2015-08-21;20:00;CentroCentro Cibeles de Cultura y Ciudadana. 5Cs;40.419011767401095;-3.692206111679657;RETIRO
Obra de teatro. Volver a verte;0;2015-09-20;2015-09-20;19:00;Centro Cultural Antonio Machado (San Blas - Canillejas);40.42027705095574;-3.621741078700336;SAN BLAS-CANILLEJAS
Obra de treatro clsico. Hecuba;0;2015-09-19;2015-09-19;19:00;Centro Cultural Antonio Machado (San Blas - Canillejas);40.42027705095574;-3.621741078700336;SAN BLAS-CANILLEJAS
Pelcula. 2 Francos, 40 pesetas;0;2015-08-01;2015-08-01;22:15;Centro Cultural Auditorio Parque El Paraiso (San Blas - Canillejas);40.42996840999023;-3.622184001035289;SAN BLAS-CANILLEJAS
Pelcula. Big eyes;1;2015-08-08;2015-08-08;22:00;Parque Emperatriz Mara de Austria;40.382311100280766;-3.7227552919050586;CARABANCHEL
Pelcula. Blue Jasmine;0;2015-08-07;2015-08-07;22:15;Centro Cultural Auditorio Parque El Paraiso (San Blas - Canillejas);40.42996840999023;-3.622184001035289;SAN BLAS-CANILLEJAS
Pelcula. Como entrenar a tu dragn;1;2015-08-15;2015-08-15;22:00;Parque Emperatriz Mara de Austria;40.382311100280766;-3.7227552919050586;CARABANCHEL
Pelcula. Como entrenar a tu dragn;1;2015-08-21;2015-08-21;22:00;Parque de la Peseta;40.364341448699825;-3.757402071835875;CARABANCHEL
Pelcula. Doce aos de esclavitud;0;2015-08-14;2015-08-14;22:15;Centro Cultural Auditorio Parque El Paraiso (San Blas - Canillejas);40.42996840999023;-3.622184001035289;SAN BLAS-CANILLEJAS
Pelcula. El amanecer del planeta de los simios;1;2015-08-01;2015-08-01;22:00;Parque Emperatriz Mara de Austria;40.382311100280766;-3.7227552919050586;CARABANCHEL
Pelcula. El amanecer del planeta de los simios;1;2015-07-24;2015-07-24;22:00;Parque de la Peseta;40.364341448699825;-3.757402071835875;CARABANCHEL
Pelcula. El lobo de Wall Street;0;2015-07-24;2015-07-24;22:15;Centro Cultural Auditorio Parque El Paraiso (San Blas - Canillejas);40.42996840999023;-3.622184001035289;SAN BLAS-CANILLEJAS
Pelcula. El viento se levanta;0;2015-08-15;2015-08-15;22:15;Centro Cultural Auditorio Parque El Paraiso (San Blas - Canillejas);40.42996840999023;-3.622184001035289;SAN BLAS-CANILLEJAS
Pelcula. Futboln;0;2015-08-29;2015-08-29;22:15;Centro Cultural Auditorio Parque El Paraiso (San Blas - Canillejas);40.42996840999023;-3.622184001035289;SAN BLAS-CANILLEJAS
Pelcula. Gravity;0;2015-08-21;2015-08-21;22:15;Centro Cultural Auditorio Parque El Paraiso (San Blas - Canillejas);40.42996840999023;-3.622184001035289;SAN BLAS-CANILLEJAS
Pelcula. GRU2 mi villano favorito;1;2015-07-25;2015-07-25;22:30;Auditorio al aire libre. Parque Alcalde Carlos Arias;40.39266219561535;-3.759357093405809;LATINA
Pelcula. Her;0;2015-08-28;2015-08-28;22:15;Centro Cultural Auditorio Parque El Paraiso (San Blas - Canillejas);40.42996840999023;-3.622184001035289;SAN BLAS-CANILLEJAS
Pelcula. Invencible;1;2015-07-25;2015-07-25;22:00;Parque Emperatriz Mara de Austria;40.382311100280766;-3.7227552919050586;CARABANCHEL
Pelcula. Invencible;1;2015-08-14;2015-08-14;22:00;Parque de la Peseta;40.364341448699825;-3.757402071835875;CARABANCHEL
Pelcula. Kamikaze;1;2015-08-29;2015-08-29;22:00;Parque Emperatriz Mara de Austria;40.382311100280766;-3.7227552919050586;CARABANCHEL
Pelcula. Kamikaze;1;2015-08-07;2015-08-07;22:00;Parque de la Peseta;40.364341448699825;-3.757402071835875;CARABANCHEL
Pelcula. Las manos;0;2015-07-24;2015-07-26;00:00;Cineteca del Matadero Madrid;40.39241367848808;-3.697259467865366;ARGANZUELA
Pelcula. Magical girl;0;2015-08-31;2015-08-31;22:15;Centro Cultural Auditorio Parque El Paraiso (San Blas - Canillejas);40.42996840999023;-3.622184001035289;SAN BLAS-CANILLEJAS
Pelcula. Nebraska;0;2015-08-13;2015-08-13;22:15;Centro Cultural Auditorio Parque El Paraiso (San Blas - Canillejas);40.42996840999023;-3.622184001035289;SAN BLAS-CANILLEJAS
Pelcula. Noche en el museo 3;1;2015-07-31;2015-07-31;22:00;Parque de la Peseta;40.364341448699825;-3.757402071835875;CARABANCHEL
Pelcula. Ocho apellidos vascos;0;2015-07-25;2015-07-25;22:15;Centro Cultural Auditorio Parque El Paraiso (San Blas - Canillejas);40.42996840999023;-3.622184001035289;SAN BLAS-CANILLEJAS
Pelcula. The amazing Spiderman;1;2015-08-22;2015-08-22;22:00;Parque Emperatriz Mara de Austria;40.382311100280766;-3.7227552919050586;CARABANCHEL
Pelcula. The amazing Spiderman;1;2015-08-28;2015-08-28;22:00;Parque de la Peseta;40.364341448699825;-3.757402071835875;CARABANCHEL
Pelcula. Tres bodas de ms;0;2015-08-22;2015-08-22;22:15;Centro Cultural Auditorio Parque El Paraiso (San Blas - Canillejas);40.42996840999023;-3.622184001035289;SAN BLAS-CANILLEJAS
Pelcula. Vivir es fcil con los ojos cerrados;0;2015-08-08;2015-08-08;22:15;Centro Cultural Auditorio Parque El Paraiso (San Blas - Canillejas);40.42996840999023;-3.622184001035289;SAN BLAS-CANILLEJAS
Proyeccin para nios. El satlite dormiln.;0;2015-01-01;2015-09-20;11:30;Planetario de Madrid;40.39227092120195;-3.684968648157021;ARGANZUELA
Proyeccin para nios. En rbita con Lpez;0;2015-01-01;2015-09-20;00:00;Planetario de Madrid;40.39227092120195;-3.684968648157021;ARGANZUELA
Proyeccin. El cielo de una noche de verano;0;2015-06-20;2015-09-20;18:45;Planetario de Madrid;40.39227092120195;-3.684968648157021;ARGANZUELA
Proyeccin. Un oasis de vida: Por qu en la Tierra?;0;2015-01-01;2015-09-20;18:45;Planetario de Madrid;40.39227092120195;-3.684968648157021;ARGANZUELA
Senderismo siguiendo la tapia de la Casa de Campo;1;2015-09-27;2015-09-27;10:00;Centro de Educacin Ambiental de Casa de Campo;40.41789950036311;-3.7309390858931137;MONCLOA-ARAVACA
Taller de poesa;1;2015-01-13;2015-12-22;11:00;Biblioteca Pblica Municipal Ivn de Vargas (Centro);40.41410290844665;-3.7098591212735883;CENTRO
Taller infantil de verano 2015 en la Biblioteca Pblica Municipal ngel Gonzlez;1;2015-07-13;2015-07-24;10:00;Biblioteca Pblica Municipal Angel Gonzlez (Latina);40.397074625115906;-3.7664885474841556;LATINA
Taller infantil de verano 2015 en la Biblioteca Pblica Municipal Mara Zambrano;1;2015-07-13;2015-07-24;10:00;Biblioteca Pblica Municipal Mara Zambrano (Tetun);40.46903299144094;-3.6976620067964996;TETUAN
Taller infantil de verano 2015 en la Biblioteca Pblica Municipal San Blas;1;2015-07-13;2015-07-24;10:00;Biblioteca Pblica Municipal San Blas (San Blas-Canillejas);40.420231627534996;-3.6218113860909074;SAN BLAS-CANILLEJAS
Taller infantil sobre arquitectura. Ciudad soada;0;2015-10-24;2015-10-24;00:00;CentroCentro Cibeles de Cultura y Ciudadana. 5Cs;40.419011767401095;-3.692206111679657;RETIRO
Taller infantil sobre arquitectura. Escala. Medidas y dimensiones;0;2015-10-10;2015-10-10;00:00;CentroCentro Cibeles de Cultura y Ciudadana. 5Cs;40.419011767401095;-3.692206111679657;RETIRO
Taller infantil sobre arquitectura. Estructuras animales y vegetales;0;2015-10-03;2015-10-03;00:00;CentroCentro Cibeles de Cultura y Ciudadana. 5Cs;40.419011767401095;-3.692206111679657;RETIRO
Taller infantil sobre arquitectura. Introduccin a la arquitectura: Refugios;0;2015-09-28;2015-09-28;00:00;CentroCentro Cibeles de Cultura y Ciudadana. 5Cs;40.419011767401095;-3.692206111679657;RETIRO
Taller infantil sobre arquitectura. Luces y sombras. Diseo de espacios;0;2015-10-17;2015-10-17;00:00;CentroCentro Cibeles de Cultura y Ciudadana. 5Cs;40.419011767401095;-3.692206111679657;RETIRO
Talleres e intervenciones. Debajo del Sombrero;0;2014-09-01;2016-09-01;00:00;Intermediae Matadero Madrid;40.39241367848808;-3.697259467865366;ARGANZUELA
Talleres familiares:' Me divierto en familia'. Fabrica tu propio juego reciclado;1;2015-07-26;2015-07-26;12:00;Centro de Interpretacin de la Naturaleza Montecarmelo (Fuencarral - El Pardo);40.51337745339972;-3.6897406722711366;FUENCARRAL-EL PARDO
Teatro infantil. El rincn mgico de los sentidos;1;2015-07-04;2015-07-26;19:30;Jardines de El Buen Retiro;40.41964087412762;-3.68793370943788;RETIRO
Teatro y circo. Monti y Cia: Rhum;0;2015-09-19;2015-09-20;00:00;Teatro Circo Price;40.40596423138839;-3.698601359753866;ARGANZUELA
Teatro. Aicos;0;2015-07-23;2015-07-24;20:00;Matadero Madrid;40.39241367848808;-3.697259467865366;ARGANZUELA
Teatro. Cosas que se olvidan fcilmente;0;2015-07-21;2015-07-23;19:00;Matadero Madrid;40.39241367848808;-3.697259467865366;ARGANZUELA
Teatro. Ghost Opera;0;2015-07-24;2015-07-25;22:00;Matadero Madrid;40.39241367848808;-3.697259467865366;ARGANZUELA
Teatro. Invernadero (La Nada Verde);0;2015-07-23;2015-07-25;21:00;Matadero Madrid;40.39241367848808;-3.697259467865366;ARGANZUELA
Teatro. Madame Plaza;0;2015-07-24;2015-07-25;00:00;Matadero Madrid;40.39241367848808;-3.697259467865366;ARGANZUELA
Teatro. Nosotros no nos mataremos con pistolas;0;2015-07-21;2015-07-22;21:00;Matadero Madrid;40.39241367848808;-3.697259467865366;ARGANZUELA
Teatro. ltima transmisin;0;2015-07-21;2015-07-22;21:30;Matadero Madrid;40.39241367848808;-3.697259467865366;ARGANZUELA
Teatro. Un dios salvaje;0;2015-07-22;2015-07-24;19:00;Centro Cultural Buenavista (Salamanca);40.43200210571468;-3.6709293330780204;SALAMANCA
Teatro. Windermere Club;0;2015-09-08;2015-10-04;00:00;Fernn Gmez. Centro Cultural de la Villa;40.424926347610764;-3.6899208519663427;SALAMANCA
Teatro. Es lo que hay?;0;2015-07-22;2015-07-23;20:00;Matadero Madrid;40.39241367848808;-3.697259467865366;ARGANZUELA
Tteres. A cuenta gotas;1;2015-07-25;2015-07-25;00:00;Teatro Municipal de Tteres de el Retiro al Aire Libre;40.41878362561595;-3.6866519471003647;RETIRO
Tteres. El faro de los corazones extraviados;1;2015-08-23;2015-08-23;20:30;Teatro Municipal de Tteres de el Retiro al Aire Libre;40.41878362561595;-3.6866519471003647;RETIRO
Tteres. El Rey Volteretas;1;2015-08-22;2015-08-22;20:30;Teatro Municipal de Tteres de el Retiro al Aire Libre;40.41878362561595;-3.6866519471003647;RETIRO
Tteres. El sueo del Greco;1;2015-08-29;2015-08-29;20:30;Teatro Municipal de Tteres de el Retiro al Aire Libre;40.41878362561595;-3.6866519471003647;RETIRO
Tteres. En la boca del lobo;1;2015-07-26;2015-07-26;20:30;Teatro Municipal de Tteres de el Retiro al Aire Libre;40.41878362561595;-3.6866519471003647;RETIRO
Tteres. La risa de Alicia;1;2015-08-30;2015-08-30;20:30;Teatro Municipal de Tteres de el Retiro al Aire Libre;40.41878362561595;-3.6866519471003647;RETIRO
Tteres. Mago por casualidad;1;2015-08-15;2015-08-16;00:00;Teatro Municipal de Tteres de el Retiro al Aire Libre;40.41878362561595;-3.6866519471003647;RETIRO
Tteres. Momentos;1;2015-08-08;2015-08-09;00:00;Teatro Municipal de Tteres de el Retiro al Aire Libre;40.41878362561595;-3.6866519471003647;RETIRO
Tteres. Muestra de teatro de tteres para compaas y artistas emergentes;1;2015-08-29;2015-08-30;00:00;Teatro Municipal de Tteres de el Retiro al Aire Libre;40.41878362561595;-3.6866519471003647;RETIRO
Tteres. Pcaros de fbula;1;2015-08-01;2015-08-02;00:00;Teatro Municipal de Tteres de el Retiro al Aire Libre;40.41878362561595;-3.6866519471003647;RETIRO
Universal Music Festival. Caetano & Gil;0;2015-07-21;2015-07-21;21:30;Teatro Real;40.41830181868497;-3.7112116338969767;CENTRO
Visita guiada. Antn Martn y sus alrededores;0;2015-10-28;2015-10-28;10:00;Centro Sociocultural Lavapis (Centro);40.40966697102759;-3.701574291636879;CENTRO
Visita guiada. Del Campillo del Mundo Nuevo a Embajadores;0;2015-09-30;2015-09-30;10:00;Centro Sociocultural Lavapis (Centro);40.40966697102759;-3.701574291636879;CENTRO
Visita guiada. Del Hospital General a San Lorenzo y al Palacio de Perales;0;2015-10-14;2015-10-14;10:00;Centro Sociocultural Lavapis (Centro);40.40966697102759;-3.701574291636879;CENTRO
Visitas guiadas desde El Mirador Madrid en CentroCentro;0;2015-07-01;2015-08-02;00:00;CentroCentro Cibeles de Cultura y Ciudadana. 5Cs;40.419011767401095;-3.692206111679657;RETIRO
Visitas guiadas. Crimen y misterio en Madrid;0;2015-01-02;2015-12-25;00:00;Centro de Turismo Plaza Mayor;40.41583855082183;-3.7074257084323636;CENTRO
Visitas guiadas. Imagina Madrid;0;2015-01-03;2015-12-26;00:00;Centro de Turismo Plaza Mayor;40.41583855082183;-3.7074257084323636;CENTRO
Visitas guiadas. Leyendas, casas encantadas y fantasmas en la Villa y Corte;0;2015-01-03;2015-12-26;00:00;Centro de Turismo Plaza Mayor;40.41583855082183;-3.7074257084323636;CENTRO
Visitas guiadas. Madrid Imprescindible. Cervantes y el Barrio de las Letras;0;2015-01-01;2015-12-31;00:00;Centro de Turismo Plaza Mayor;40.41583855082183;-3.7074257084323636;CENTRO
Visitas guiadas. Madrid Imprescindible. De los Austrias a los Borbones;0;2015-01-01;2015-12-31;00:00;Centro de Turismo Plaza Mayor;40.41583855082183;-3.7074257084323636;CENTRO
Visitas guiadas. Madrid Imprescindible. Los Austrias y La Latina;0;2015-01-01;2015-12-31;00:00;Centro de Turismo Plaza Mayor;40.41583855082183;-3.7074257084323636;CENTRO
Visitas guiadas. Madrid Imprescindible. Los Borbones y el Paseo del Arte;0;2015-01-02;2015-12-26;00:00;Centro de Turismo Plaza Mayor;40.41583855082183;-3.7074257084323636;CENTRO
Visitas guiadas. Paseo del Arte imprescindible y el Retiro;0;2015-01-03;2015-12-27;00:00;Centro de Turismo Plaza Mayor;40.41583855082183;-3.7074257084323636;CENTRO